CREATE schema master;

CREATE TABLE master.Station (
    StationID INT PRIMARY KEY,
    StationName VARCHAR(100),
    City VARCHAR(50),
    State VARCHAR(50)
);

INSERT INTO master.Station (StationID, StationName, City, State) VALUES
(1, 'Mumbai CST', 'Mumbai', 'Maharashtra'),
(2, 'New Delhi', 'Delhi', 'Delhi'),
(3, 'Howrah Junction', 'Kolkata', 'West Bengal'),
(4, 'Chennai Central', 'Chennai', 'Tamil Nadu'),
(5, 'Bangalore City', 'Bangalore', 'Karnataka'),
(6, 'Pune Junction', 'Pune', 'Maharashtra'),
(7, 'Lucknow Junction', 'Lucknow', 'Uttar Pradesh'),
(8, 'Amritsar Junction', 'Amritsar', 'Punjab'),
(9, 'Secunderabad Junction', 'Secunderabad', 'Telangana'),
(10, 'Ahmedabad Junction', 'Ahmedabad', 'Gujarat'),
(11, 'Patna Junction', 'Patna', 'Bihar'),
(12, 'Jaipur Junction', 'Jaipur', 'Rajasthan'),
(13, 'Kanpur Central', 'Kanpur', 'Uttar Pradesh'),
(14, 'Varanasi Junction', 'Varanasi', 'Uttar Pradesh'),
(15, 'Surat', 'Surat', 'Gujarat'),
(16, 'Nagpur Junction', 'Nagpur', 'Maharashtra'),
(17, 'Ernakulam Junction', 'Kochi', 'Kerala'),
(18, 'Thiruvananthapuram Central', 'Thiruvananthapuram', 'Kerala'),
(19, 'Coimbatore Junction', 'Coimbatore', 'Tamil Nadu'),
(20, 'Visakhapatnam Junction', 'Visakhapatnam', 'Andhra Pradesh'),
(21, 'Guwahati', 'Guwahati', 'Assam'),
(22, 'Bhopal Junction', 'Bhopal', 'Madhya Pradesh'),
(23, 'Indore Junction', 'Indore', 'Madhya Pradesh'),
(24, 'Madurai Junction', 'Madurai', 'Tamil Nadu'),
(25, 'Ranchi Junction', 'Ranchi', 'Jharkhand'),
(26, 'Raipur Junction', 'Raipur', 'Chhattisgarh'),
(27, 'Jabalpur Junction', 'Jabalpur', 'Madhya Pradesh'),
(28, 'Dhanbad Junction', 'Dhanbad', 'Jharkhand'),
(29, 'Allahabad Junction', 'Prayagraj', 'Uttar Pradesh'),
(30, 'Agra Cantonment', 'Agra', 'Uttar Pradesh'),
(31, 'Gorakhpur Junction', 'Gorakhpur', 'Uttar Pradesh'),
(32, 'Hubli Junction', 'Hubli', 'Karnataka'),
(33, 'Vadodara Junction', 'Vadodara', 'Gujarat'),
(34, 'Tirupati', 'Tirupati', 'Andhra Pradesh'),
(35, 'Bhagalpur Junction', 'Bhagalpur', 'Bihar'),
(36, 'Bareilly Junction', 'Bareilly', 'Uttar Pradesh'),
(37, 'Kota Junction', 'Kota', 'Rajasthan'),
(38, 'Jodhpur Junction', 'Jodhpur', 'Rajasthan'),
(39, 'Chandigarh', 'Chandigarh', 'Chandigarh'),
(40, 'Dehradun', 'Dehradun', 'Uttarakhand'),
(41, 'Siliguri Junction', 'Siliguri', 'West Bengal'),
(42, 'Aligarh Junction', 'Aligarh', 'Uttar Pradesh'),
(43, 'Mysore Junction', 'Mysore', 'Karnataka'),
(44, 'Shirdi', 'Shirdi', 'Maharashtra'),
(45, 'Ujjain Junction', 'Ujjain', 'Madhya Pradesh'),
(46, 'Kolhapur', 'Kolhapur', 'Maharashtra'),
(47, 'Haridwar', 'Haridwar', 'Uttarakhand'),
(48, 'Bilaspur Junction', 'Bilaspur', 'Chhattisgarh'),
(49, 'Tinsukia Junction', 'Tinsukia', 'Assam'),
(50, 'Ajmer Junction', 'Ajmer' ,'Rajasthan');

select * from master.station;

CREATE TABLE master.Train (
    TrainID INT PRIMARY KEY,
    TrainName VARCHAR(100),
    TrainType VARCHAR(50), 
    SourceStationID INT,
    DestinationStationID INT,
    FOREIGN KEY (SourceStationID) REFERENCES master.Station(StationID),
    FOREIGN KEY (DestinationStationID) REFERENCES master.Station(StationID)
);
alter table master.train add column RunningDays varchar(50);

INSERT INTO master.Train (TrainID, TrainName, TrainType, SourceStationID, DestinationStationID, RunningDays) VALUES
(1, 'Mumbai Express', 'Express', 1, 2, 'Daily'),
(2, 'Rajdhani Express', 'Rajdhani', 2, 3, 'Monday, Wednesday, Friday'),
(3, 'Shatabdi Express', 'Shatabdi', 3, 4, 'Daily'),
(4, 'Chennai Express', 'Express', 4, 5, 'Tuesday, Thursday, Saturday'),
(5, 'Bangalore Express', 'Passenger', 5, 6, 'Daily'),
(6, 'Pune Mail', 'Mail', 6, 7, 'Daily'),
(7, 'Lucknow Superfast', 'Superfast', 7, 8, 'Monday, Friday'),
(8, 'Golden Temple Mail', 'Mail', 8, 9, 'Daily'),
(9, 'Secunderabad Special', 'Special', 9, 10, 'Wednesday, Sunday'),
(10, 'Ahmedabad Express', 'Express', 10, 1, 'Daily'),
(11, 'Patna Express', 'Express', 11, 12, 'Monday, Friday'),
(12, 'Jaipur Mail', 'Mail', 12, 13, 'Tuesday, Saturday'),
(13, 'Kanpur Passenger', 'Passenger', 13, 14, 'Daily'),
(14, 'Varanasi Special', 'Special', 14, 15, 'Monday, Thursday'),
(15, 'Surat Express', 'Express', 15, 16, 'Daily'),
(16, 'Nagpur Shatabdi', 'Shatabdi', 16, 17, 'Wednesday, Friday'),
(17, 'Ernakulam Rajdhani', 'Rajdhani', 17, 18, 'Monday, Saturday'),
(18, 'Thiruvananthapuram Express', 'Express', 18, 19, 'Daily'),
(19, 'Coimbatore Mail', 'Mail', 19, 20, 'Sunday, Tuesday'),
(20, 'Visakhapatnam Superfast', 'Superfast', 20, 21, 'Daily'),
(21, 'Guwahati Passenger', 'Passenger', 21, 22, 'Thursday, Saturday'),
(22, 'Bhopal Express', 'Express', 22, 23, 'Daily'),
(23, 'Indore Shatabdi', 'Shatabdi', 23, 24, 'Monday, Friday'),
(24, 'Madurai Express', 'Express', 24, 25, 'Daily'),
(25, 'Ranchi Mail', 'Mail', 25, 26, 'Wednesday, Saturday'),
(26, 'Raipur Passenger', 'Passenger', 26, 27, 'Daily'),
(27, 'Jabalpur Superfast', 'Superfast', 27, 28, 'Daily'),
(28, 'Dhanbad Express', 'Express', 28, 29, 'Monday, Thursday'),
(29, 'Allahabad Shatabdi', 'Shatabdi', 29, 30, 'Tuesday, Friday'),
(30, 'Agra Cantonment Express', 'Express', 30, 31, 'Daily'),
(31, 'Gorakhpur Passenger', 'Passenger', 31, 32, 'Wednesday, Saturday'),
(32, 'Hubli Superfast', 'Superfast', 32, 33, 'Daily'),
(33, 'Vadodara Mail', 'Mail', 33, 34, 'Monday, Friday'),
(34, 'Tirupati Rajdhani', 'Rajdhani', 34, 35, 'Daily'),
(35, 'Bhagalpur Express', 'Express', 35, 36, 'Thursday, Saturday'),
(36, 'Bareilly Special', 'Special', 36, 37, 'Daily'),
(37, 'Kota Passenger', 'Passenger', 37, 38, 'Monday, Friday'),
(38, 'Jodhpur Superfast', 'Superfast', 38, 39, 'Daily'),
(39, 'Chandigarh Express', 'Express', 39, 40, 'Tuesday, Sunday'),
(40, 'Dehradun Mail', 'Mail', 40, 41, 'Daily'),
(41, 'Siliguri Passenger', 'Passenger', 41, 42, 'Wednesday, Saturday'),
(42, 'Aligarh Special', 'Special', 42, 43, 'Daily'),
(43, 'Mysore Express', 'Express', 43, 44, 'Monday, Friday'),
(44, 'Shirdi Rajdhani', 'Rajdhani', 44, 45, 'Daily'),
(45, 'Ujjain Shatabdi', 'Shatabdi', 45, 46, 'Tuesday, Saturday'),
(46, 'Kolhapur Mail', 'Mail', 46, 47, 'Daily'),
(47, 'Haridwar Express', 'Express', 47, 48, 'Monday, Thursday'),
(48, 'Bilaspur Special', 'Special', 48, 49, 'Daily'),
(49, 'Tinsukia Passenger', 'Passenger', 49, 50, 'Thursday, Saturday'),
(50, 'Ajmer Superfast', 'Superfast', 50, 1, 'Daily');

select * from master.train;

CREATE TABLE master.Employee (
    EmployeeID INT PRIMARY KEY,
    EmpName VARCHAR(100),
    Designation VARCHAR(50), 
    Department VARCHAR(50),
    StationID INT, 
    FOREIGN KEY (StationID) REFERENCES master.Station(StationID),
    Salary VARCHAR(100) not null,
    Contact VARCHAR(15) unique
);


INSERT INTO master.Employee (EmployeeID, EmpName, Designation, Department, StationID, Salary, Contact) VALUES
(1, 'Rajesh Sharma', 'Station Master', 'Operations', 1, '50000', '9876543210'),
(2, 'Aarti Singh', 'Ticket Collector', 'Operations', 1, '35000', '9876543211'),
(3, 'Manoj Kumar', 'Train Driver', 'Operations', 2, '60000', '9876543212'),
(4, 'Sunita Reddy', 'Technician', 'Maintenance', 2, '40000', '9876543213'),
(5, 'Amit Patel', 'Station Manager', 'Administration', 3, '55000', '9876543214'),
(6, 'Neha Gupta', 'Ticket Clerk', 'Operations', 3, '30000', '9876543215'),
(7, 'Rakesh Yadav', 'Technician', 'Maintenance', 4, '45000', '9876543216'),
(8, 'Priya Rao', 'Cleaner', 'Maintenance', 4, '25000', '9876543217'),
(9, 'Vikram Singh', 'Security Guard', 'Security', 5, '28000', '9876543218'),
(10, 'Divya Sharma', 'Supervisor', 'Operations', 5, '48000', '9876543219'),
(11, 'Anil Mehta', 'Ticket Collector', 'Operations', 6, '35000', '9876543220'),
(12, 'Ritu Joshi', 'Clerk', 'Administration', 6, '30000', '9876543221'),
(13, 'Sanjay Dubey', 'Maintenance Engineer', 'Maintenance', 7, '50000', '9876543222'),
(14, 'Sneha Iyer', 'Station Manager', 'Administration', 7, '55000', '9876543223'),
(15, 'Deepak Kumar', 'Electrician', 'Maintenance', 8, '38000', '9876543224'),
(16, 'Pooja Verma', 'Ticket Clerk', 'Operations', 8, '32000', '9876543225'),
(17, 'Arjun Khanna', 'Train Driver', 'Operations', 9, '62000', '9876543226'),
(18, 'Kavita Das', 'Station Master', 'Operations', 9, '52000', '9876543227'),
(19, 'Rohit Jain', 'Technician', 'Maintenance', 10, '42000', '9876543228'),
(20, 'Meera Bhatt', 'Cleaner', 'Maintenance', 10, '26000', '9876543229'),
(21, 'Ankur Sharma', 'Security Guard', 'Security', 1, '29000', '9876543230'),
(22, 'Simran Kaur', 'Supervisor', 'Operations', 2, '49000', '9876543231'),
(23, 'Ajay Nair', 'Station Master', 'Operations', 3, '53000', '9876543232'),
(24, 'Leela Prasad', 'Technician', 'Maintenance', 4, '44000', '9876543233'),
(25, 'Mohit Arora', 'Clerk', 'Administration', 5, '31000', '9876543234'),
(26, 'Shalini Sen', 'Electrician', 'Maintenance', 6, '39000', '9876543235'),
(27, 'Vikas Mishra', 'Ticket Collector', 'Operations', 7, '36000', '9876543236'),
(28, 'Preeti Ghosh', 'Security Guard', 'Security', 8, '30000', '9876543237'),
(29, 'Suraj Chawla', 'Supervisor', 'Operations', 9, '47000', '9876543238'),
(30, 'Anjali Nair', 'Technician', 'Maintenance', 10, '43000', '9876543239'),
(31, 'Pradeep Khurana', 'Station Master', 'Operations', 5, '52000', '9876543240'),
(32, 'Swati Jain', 'Clerk', 'Administration', 8, '32000', '9876543241'),
(33, 'Karan Malhotra', 'Technician', 'Maintenance', 7, '41000', '9876543242'),
(34, 'Radha Krishnan', 'Supervisor', 'Operations', 6, '46000', '9876543243'),
(35, 'Ashok Pandey', 'Cleaner', 'Maintenance', 4, '27000', '9876543244'),
(36, 'Shivani Kapoor', 'Ticket Collector', 'Operations', 3, '34000', '9876543245'),
(37, 'Gaurav Joshi', 'Security Guard', 'Security', 2, '30000', '9876543246'),
(38, 'Meghna Rao', 'Supervisor', 'Operations', 9, '49000', '9876543247'),
(39, 'Pankaj Sinha', 'Station Manager', 'Administration', 10, '55000', '9876543248'),
(40, 'Tanya Bose', 'Technician', 'Maintenance', 1, '43000', '9876543249'),
(41, 'Harish Patel', 'Train Driver', 'Operations', 7, '61000', '9876543250'),
(42, 'Akash Das', 'Electrician', 'Maintenance', 2, '40000', '9876543251'),
(43, 'Asha Kaur', 'Cleaner', 'Maintenance', 5, '26000', '9876543252'),
(44, 'Vivek Kumar', 'Security Guard', 'Security', 8, '29000', '9876543253'),
(45, 'Neeraj Singh', 'Supervisor', 'Operations', 4, '47000', '9876543254'),
(46, 'Ayesha Ali', 'Clerk', 'Administration', 6, '30000', '9876543255'),
(47, 'Kunal Bhatia', 'Station Master', 'Operations', 9, '51000', '9876543256'),
(48, 'Manish Gupta', 'Ticket Collector', 'Operations', 10, '35000', '9876543257'),
(49, 'Rashmi Thakur', 'Technician', 'Maintenance', 3, '42000', '9876543258'),
(50, 'Nikhil Arora', 'Supervisor', 'Operations', 2, '48000', '9876543259');

select * from master.employee;

CREATE TABLE passenger (
    passengerid INT PRIMARY KEY,
    pname VARCHAR(100),
    age INT,
    gender VARCHAR(10),
    contact VARCHAR(15) UNIQUE,
    trainid INT,
    FOREIGN KEY (trainid) REFERENCES master.train(trainid)
);

INSERT INTO passenger (passengerid, pname, age, gender, contact, trainid) VALUES
(1, 'Amit Kumar', 35, 'Male', '9000000001', 1),
(2, 'Sita Roy', 28, 'Female', '9000000002', 1),
(3, 'Rahul Sharma', 42, 'Male', '9000000003', 2),
(4, 'Pooja Mehra', 30, 'Female', '9000000004', 2),
(5, 'Ramesh Gupta', 50, 'Male', '9000000005', 3),
(6, 'Neha Singh', 25, 'Female', '9000000006', 3),
(7, 'Arjun Das', 19, 'Male', '9000000007', 4),
(8, 'Meera Jain', 32, 'Female', '9000000008', 4),
(9, 'Vikram Yadav', 40, 'Male', '9000000009', 5),
(10, 'Anjali Verma', 27, 'Female', '9000000010', 5),
(11, 'Mohit Chawla', 33, 'Male', '9000000011', 6),
(12, 'Kiran Patil', 22, 'Female', '9000000012', 6),
(13, 'Rajesh Nair', 36, 'Male', '9000000013', 7),
(14, 'Divya Iyer', 29, 'Female', '9000000014', 7),
(15, 'Sanjay Reddy', 45, 'Male', '9000000015', 8),
(16, 'Preeti Desai', 31, 'Female', '9000000016', 8),
(17, 'Harish Shetty', 38, 'Male', '9000000017', 9),
(18, 'Komal Joshi', 26, 'Female', '9000000018', 9),
(19, 'Deepak Pandey', 34, 'Male', '9000000019', 10),
(20, 'Swati Mishra', 24, 'Female', '9000000020', 10),
(21, 'Aakash Malhotra', 30, 'Male', '9000000021', 1),
(22, 'Priya Dutta', 28, 'Female', '9000000022', 1),
(23, 'Manoj Kumar', 41, 'Male', '9000000023', 2),
(24, 'Sneha Bhatia', 25, 'Female', '9000000024', 2),
(25, 'Nitin Mehta', 48, 'Male', '9000000025', 3),
(26, 'Ritu Kapoor', 29, 'Female', '9000000026', 3),
(27, 'Vishal Aggarwal', 35, 'Male', '9000000027', 4),
(28, 'Isha Tripathi', 23, 'Female', '9000000028', 4),
(29, 'Ravi Shankar', 44, 'Male', '9000000029', 5),
(30, 'Chitra Paul', 32, 'Female', '9000000030', 5),
(31, 'Anand Narayan', 39, 'Male', '9000000031', 6),
(32, 'Pallavi Bose', 26, 'Female', '9000000032', 6),
(33, 'Kunal Shah', 31, 'Male', '9000000033', 7),
(34, 'Radhika Sen', 27, 'Female', '9000000034', 7),
(35, 'Mahesh Rao', 42, 'Male', '9000000035', 8),
(36, 'Geeta Kumar', 30, 'Female', '9000000036', 8),
(37, 'Ajay Patil', 37, 'Male', '9000000037', 9),
(38, 'Tina Nair', 24, 'Female', '9000000038', 9),
(39, 'Sunil Chauhan', 36, 'Male', '9000000039', 10),
(40, 'Anu Gupta', 25, 'Female', '9000000040', 10),
(41, 'Ashok Tiwari', 33, 'Male', '9000000041', 1),
(42, 'Maya Sharma', 28, 'Female', '9000000042', 1),
(43, 'Gaurav Khanna', 46, 'Male', '9000000043', 2),
(44, 'Nisha Yadav', 31, 'Female', '9000000044', 2),
(45, 'Abhishek Singh', 38, 'Male', '9000000045', 3),
(46, 'Seema Agarwal', 27, 'Female', '9000000046', 3),
(47, 'Parth Jain', 30, 'Male', '9000000047', 4),
(48, 'Ria Das', 29, 'Female', '9000000048', 4),
(49, 'Santosh Reddy', 45, 'Male', '9000000049', 5),
(50, 'Amrita Kulkarni', 33, 'Female', '9000000050', 5);
INSERT INTO passenger (passengerid, pname, age, gender, contact, trainid) VALUES
(51, 'Vikram Sharma', 40, 'Male', '9000000051', 1),
(52, 'Lata Kapoor', 26, 'Female', '9000000052', 2),
(53, 'Pawan Kumar', 34, 'Male', '9000000053', 3),
(54, 'Rani Joshi', 32, 'Female', '9000000054', 4),
(55, 'Suraj Singh', 29, 'Male', '9000000055', 5),
(56, 'Priyanka Mehra', 22, 'Female', '9000000056', 6),
(57, 'Suresh Patel', 41, 'Male', '9000000057', 7),
(58, 'Nisha Verma', 25, 'Female', '9000000058', 8),
(59, 'Ravi Kumar', 37, 'Male', '9000000059', 9),
(60, 'Suman Kumari', 28, 'Female', '9000000060', 10),
(61, 'Gaurav Rathi', 33, 'Male', '9000000061', 1),
(62, 'Sakshi Chauhan', 24, 'Female', '9000000062', 2),
(63, 'Nitin Pandey', 43, 'Male', '9000000063', 3),
(64, 'Richa Agarwal', 30, 'Female', '9000000064', 4),
(65, 'Manoj Kumar', 38, 'Male', '9000000065', 5),
(66, 'Tanuja Singh', 23, 'Female', '9000000066', 6),
(67, 'Bipin Yadav', 45, 'Male', '9000000067', 7),
(68, 'Sumita Saha', 27, 'Female', '9000000068', 8),
(69, 'Sanjay Reddy', 50, 'Male', '9000000069', 9),
(70, 'Anjali Patel', 29, 'Female', '9000000070', 10),
(71, 'Shivendra Sharma', 34, 'Male', '9000000071', 1),
(72, 'Rekha Desai', 30, 'Female', '9000000072', 2),
(73, 'Karan Jain', 27, 'Male', '9000000073', 3),
(74, 'Geeta Kapoor', 29, 'Female', '9000000074', 4),
(75, 'Ajay Tiwari', 39, 'Male', '9000000075', 5),
(76, 'Monika Iyer', 31, 'Female', '9000000076', 6),
(77, 'Tarun Chawla', 43, 'Male', '9000000077', 7),
(78, 'Veena Agarwal', 28, 'Female', '9000000078', 8),
(79, 'Rahul Mehta', 36, 'Male', '9000000079', 9),
(80, 'Madhuri Roy', 25, 'Female', '9000000080', 10),
(81, 'Ashok Kumar', 48, 'Male', '9000000081', 1),
(82, 'Neelam Singh', 34, 'Female', '9000000082', 2),
(83, 'Sandeep Yadav', 41, 'Male', '9000000083', 3),
(84, 'Anuradha Sharma', 27, 'Female', '9000000084', 4),
(85, 'Jagdeep Singh', 33, 'Male', '9000000085', 5),
(86, 'Kiran Gupta', 29, 'Female', '9000000086', 6),
(87, 'Naveen Soni', 38, 'Male', '9000000087', 7),
(88, 'Aarti Thakur', 26, 'Female', '9000000088', 8),
(89, 'Sushil Kumar', 44, 'Male', '9000000089', 9),
(90, 'Priti Mishra', 22, 'Female', '9000000090', 10),
(91, 'Rajendra Reddy', 39, 'Male', '9000000091', 1),
(92, 'Sonia Bhatt', 28, 'Female', '9000000092', 2),
(93, 'Javed Khan', 34, 'Male', '9000000093', 3),
(94, 'Rupal Jain', 30, 'Female', '9000000094', 4),
(95, 'Shiv Kumar', 47, 'Male', '9000000095', 5),
(96, 'Mansi Agarwal', 29, 'Female', '9000000096', 6),
(97, 'Devendra Singh', 42, 'Male', '9000000097', 7),
(98, 'Jasmine Kaur', 26, 'Female', '9000000098', 8),
(99, 'Arvind Kumar', 31, 'Male', '9000000099', 9),
(100, 'Sumita Kumari', 28, 'Female', '9000000100', 10);


select * from passenger;


CREATE TABLE Ticket (
    TicketID INT PRIMARY KEY,
    BookingDate DATE,
    TrainID INT,
    PassengerID INT,
    JourneyDate DATE,
    Class VARCHAR(50), -- Sleeper, AC, General
    SeatNumber VARCHAR(10),
    Fare DECIMAL(10, 2),
    PaymentStatus VARCHAR(50), -- Paid, Pending
    FOREIGN KEY (TrainID) REFERENCES master.Train(TrainID),
    FOREIGN KEY (PassengerID) REFERENCES Passenger(PassengerID)
);

INSERT INTO Ticket (TicketID, BookingDate, TrainID, PassengerID, JourneyDate, Class, SeatNumber, Fare, PaymentStatus) VALUES
(1, '2024-12-01', 1, 1, '2024-12-05', 'AC', 'A1', 1500.50, 'Paid'),
(2, '2024-12-02', 2, 2, '2024-12-06', 'Sleeper', 'S5', 500.00, 'Pending'),
(3, '2024-12-03', 3, 3, '2024-12-07', 'AC', 'A2', 1200.00, 'Paid'),
(4, '2024-12-04', 4, 4, '2024-12-08', 'General', 'G7', 350.00, 'Pending'),
(5, '2024-12-05', 5, 5, '2024-12-09', 'AC', 'A3', 1800.00, 'Paid'),
(6, '2024-12-06', 1, 3, '2024-12-10', 'Sleeper', 'S8', 450.00, 'Paid'),
(7, '2024-12-07', 2, 4, '2024-12-11', 'AC', 'A4', 1300.00, 'Paid'),
(8, '2024-12-08', 3, 5, '2024-12-12', 'General', 'G3', 300.00, 'Pending'),
(9, '2024-12-09', 4, 2, '2024-12-13', 'AC', 'A6', 1100.00, 'Paid'),
(10, '2024-12-10', 5, 1, '2024-12-14', 'Sleeper', 'S2', 500.00, 'Pending'),
(11, '2024-12-11', 1, 6, '2024-12-15', 'AC', 'A7', 1600.00, 'Paid'),
(12, '2024-12-12', 2, 7, '2024-12-16', 'Sleeper', 'S9', 550.00, 'Pending'),
(13, '2024-12-13', 3, 8, '2024-12-17', 'AC', 'A5', 1250.00, 'Paid'),
(14, '2024-12-14', 4, 9, '2024-12-18', 'General', 'G2', 400.00, 'Pending'),
(15, '2024-12-15', 5, 10, '2024-12-19', 'AC', 'A8', 1750.00, 'Paid'),
(16, '2024-12-16', 1, 11, '2024-12-20', 'Sleeper', 'S6', 470.00, 'Paid'),
(17, '2024-12-17', 2, 12, '2024-12-21', 'AC', 'A9', 1350.00, 'Paid'),
(18, '2024-12-18', 3, 13, '2024-12-22', 'General', 'G4', 375.00, 'Pending'),
(19, '2024-12-19', 4, 14, '2024-12-23', 'AC', 'A10', 1400.00, 'Paid'),
(20, '2024-12-20', 5, 15, '2024-12-24', 'Sleeper', 'S3', 520.00, 'Pending'),
(21, '2024-12-21', 1, 16, '2024-12-25', 'AC', 'A11', 1550.00, 'Paid'),
(22, '2024-12-22', 2, 17, '2024-12-26', 'Sleeper', 'S7', 580.00, 'Pending'),
(23, '2024-12-23', 3, 18, '2024-12-27', 'AC', 'A12', 1200.00, 'Paid'),
(24, '2024-12-24', 4, 19, '2024-12-28', 'General', 'G1', 320.00, 'Pending'),
(25, '2024-12-25', 5, 20, '2024-12-29', 'AC', 'A13', 1800.00, 'Paid'),
(26, '2024-12-26', 1, 21, '2024-12-30', 'Sleeper', 'S10', 450.00, 'Paid'),
(27, '2024-12-27', 2, 22, '2025-01-01', 'AC', 'A14', 1250.00, 'Paid'),
(28, '2024-12-28', 3, 23, '2025-01-02', 'General', 'G5', 380.00, 'Pending'),
(29, '2024-12-29', 4, 24, '2025-01-03', 'AC', 'A15', 1500.00, 'Paid'),
(30, '2024-12-30', 5, 25, '2025-01-04', 'Sleeper', 'S11', 470.00, 'Pending'),
(31, '2025-01-01', 1, 26, '2025-01-05', 'AC', 'A16', 1700.00, 'Paid'),
(32, '2025-01-02', 2, 27, '2025-01-06', 'Sleeper', 'S12', 550.00, 'Paid'),
(33, '2025-01-03', 3, 28, '2025-01-07', 'AC', 'A17', 1200.00, 'Paid'),
(34, '2025-01-04', 4, 29, '2025-01-08', 'General', 'G6', 400.00, 'Pending'),
(35, '2025-01-05', 5, 30, '2025-01-09', 'AC', 'A18', 1500.00, 'Paid'),
(36, '2025-01-06', 1, 31, '2025-01-10', 'Sleeper', 'S13', 490.00, 'Pending'),
(37, '2025-01-07', 2, 32, '2025-01-11', 'AC', 'A19', 1300.00, 'Paid'),
(38, '2025-01-08', 3, 33, '2025-01-12', 'General', 'G8', 350.00, 'Pending'),
(39, '2025-01-09', 4, 34, '2025-01-13', 'AC', 'A20', 1400.00, 'Paid'),
(40, '2025-01-10', 5, 35, '2025-01-14', 'Sleeper', 'S14', 530.00, 'Pending'),
(41, '2025-01-11', 1, 36, '2025-01-15', 'AC', 'A21', 1650.00, 'Paid'),
(42, '2025-01-12', 2, 37, '2025-01-16', 'Sleeper', 'S15', 560.00, 'Paid'),
(43, '2025-01-13', 3, 38, '2025-01-17', 'AC', 'A22', 1200.00, 'Paid'),
(44, '2025-01-14', 4, 39, '2025-01-18', 'General', 'G9', 375.00, 'Pending'),
(45, '2025-01-15', 5, 40, '2025-01-19', 'AC', 'A23', 1800.00, 'Paid'),
(46, '2025-01-16', 1, 41, '2025-01-20', 'Sleeper', 'S16', 510.00, 'Pending'),
(47, '2025-01-17', 2, 42, '2025-01-21', 'AC', 'A24', 1300.00, 'Paid'),
(48, '2025-01-18', 3, 43, '2025-01-22', 'General', 'G10', 400.00, 'Pending'),
(49, '2025-01-19', 4, 44, '2025-01-23', 'AC', 'A25', 1400.00, 'Paid'),
(50, '2025-01-20', 5, 45, '2025-01-24', 'Sleeper', 'S17', 550.00, 'Pending'),
(51, '2025-01-21', 1, 46, '2025-01-25', 'AC', 'A26', 1500.00, 'Paid'),
(52, '2025-01-22', 2, 47, '2025-01-26', 'Sleeper', 'S18', 470.00, 'Pending'),
(53, '2025-01-23', 3, 48, '2025-01-27', 'AC', 'A27', 1200.00, 'Paid'),
(54, '2025-01-24', 4, 49, '2025-01-28', 'General', 'G11', 350.00, 'Paid'),
(55, '2025-01-25', 5, 50, '2025-01-29', 'AC', 'A28', 1700.00, 'Paid'),
(56, '2025-01-26', 1, 51, '2025-01-30', 'Sleeper', 'S19', 530.00, 'Pending'),
(57, '2025-01-27', 2, 52, '2025-02-01', 'AC', 'A29', 1300.00, 'Paid'),
(58, '2025-01-28', 3, 53, '2025-02-02', 'General', 'G12', 400.00, 'Pending'),
(59, '2025-01-29', 4, 54, '2025-02-03', 'AC', 'A30', 1500.00, 'Paid'),
(60, '2025-01-30', 5, 55, '2025-02-04', 'Sleeper', 'S20', 560.00, 'Pending'),
(61, '2025-02-01', 1, 56, '2025-02-05', 'AC', 'A31', 1550.00, 'Paid'),
(62, '2025-02-02', 2, 57, '2025-02-06', 'Sleeper', 'S21', 510.00, 'Pending'),
(63, '2025-02-03', 3, 58, '2025-02-07', 'AC', 'A32', 1400.00, 'Paid'),
(64, '2025-02-04', 4, 59, '2025-02-08', 'General', 'G13', 375.00, 'Pending'),
(65, '2025-02-05', 5, 60, '2025-02-09', 'AC', 'A33', 1700.00, 'Paid'),
(66, '2025-02-06', 1, 61, '2025-02-10', 'Sleeper', 'S22', 490.00, 'Pending'),
(67, '2025-02-07', 2, 62, '2025-02-11', 'AC', 'A34', 1300.00, 'Paid'),
(68, '2025-02-08', 3, 63, '2025-02-12', 'General', 'G14', 340.00, 'Pending'),
(69, '2025-02-09', 4, 64, '2025-02-13', 'AC', 'A35', 1450.00, 'Paid'),
(70, '2025-02-10', 5, 65, '2025-02-14', 'Sleeper', 'S23', 520.00, 'Pending'),
(71, '2025-02-11', 1, 66, '2025-02-15', 'AC', 'A36', 1600.00, 'Paid'),
(72, '2025-02-12', 2, 67, '2025-02-16', 'Sleeper', 'S24', 530.00, 'Pending'),
(73, '2025-02-13', 3, 68, '2025-02-17', 'AC', 'A37', 1350.00, 'Paid'),
(74, '2025-02-14', 4, 69, '2025-02-18', 'General', 'G15', 375.00, 'Pending'),
(75, '2025-02-15', 5, 70, '2025-02-19', 'AC', 'A38', 1500.00, 'Paid'),
(76, '2025-02-16', 1, 71, '2025-02-20', 'Sleeper', 'S25', 450.00, 'Pending'),
(77, '2025-02-17', 2, 72, '2025-02-21', 'AC', 'A39', 1400.00, 'Paid'),
(78, '2025-02-18', 3, 73, '2025-02-22', 'General', 'G16', 390.00, 'Pending'),
(79, '2025-02-19', 4, 74, '2025-02-23', 'AC', 'A40', 1600.00, 'Paid'),
(80, '2025-02-20', 5, 75, '2025-02-24', 'Sleeper', 'S26', 470.00, 'Pending'),
(81, '2025-02-21', 1, 76, '2025-02-25', 'AC', 'A41', 1700.00, 'Paid'),
(82, '2025-02-22', 2, 77, '2025-02-26', 'Sleeper', 'S27', 480.00, 'Pending'),
(83, '2025-02-23', 3, 78, '2025-02-27', 'AC', 'A42', 1300.00, 'Paid'),
(84, '2025-02-24', 4, 79, '2025-02-28', 'General', 'G17', 350.00, 'Pending'),
(85, '2025-02-25', 5, 80, '2025-03-01', 'AC', 'A43', 1550.00, 'Paid'),
(86, '2025-02-26', 1, 81, '2025-03-02', 'Sleeper', 'S28', 510.00, 'Pending'),
(87, '2025-02-27', 2, 82, '2025-03-03', 'AC', 'A44', 1400.00, 'Paid'),
(88, '2025-02-28', 3, 83, '2025-03-04', 'General', 'G18', 400.00, 'Pending'),
(89, '2025-03-01', 4, 84, '2025-03-05', 'AC', 'A45', 1600.00, 'Paid'),
(90, '2025-03-02', 5, 85, '2025-03-06', 'Sleeper', 'S29', 520.00, 'Pending'),
(91, '2025-03-03', 1, 86, '2025-03-07', 'AC', 'A46', 1700.00, 'Paid'),
(92, '2025-03-04', 2, 87, '2025-03-08', 'Sleeper', 'S30', 490.00, 'Pending'),
(93, '2025-03-05', 3, 88, '2025-03-09', 'AC', 'A47', 1300.00, 'Paid'),
(94, '2025-03-06', 4, 89, '2025-03-10', 'General', 'G19', 350.00, 'Pending'),
(95, '2025-03-07', 5, 90, '2025-03-11', 'AC', 'A48', 1500.00, 'Paid'),
(96, '2025-03-08', 1, 91, '2025-03-12', 'Sleeper', 'S31', 510.00, 'Pending'),
(97, '2025-03-09', 2, 92, '2025-03-13', 'AC', 'A49', 1400.00, 'Paid'),
(98, '2025-03-10', 3, 93, '2025-03-14', 'General', 'G20', 400.00, 'Pending'),
(99, '2025-03-11', 4, 94, '2025-03-15', 'AC', 'A50', 1600.00, 'Paid'),
(100, '2025-03-12', 5, 95, '2025-03-16', 'Sleeper', 'S32', 520.00, 'Pending');

select * from Ticket;

CREATE TABLE Timetable (
    TrainID INT,
    StationID INT,
    ArrivalTime TIME,
    DepartureTime TIME,
    PlatformNumber INT,
    PRIMARY KEY (TrainID, StationID),
    FOREIGN KEY (TrainID) REFERENCES master.Train(TrainID),
    FOREIGN KEY (StationID) REFERENCES master.Station(StationID)
);


INSERT INTO Timetable (TrainID, StationID, ArrivalTime, DepartureTime, PlatformNumber)
VALUES
    (1, 1, '06:00:00', '06:15:00', 1),
    (1, 2, '07:00:00', '07:05:00', 2),
    (1, 3, '08:00:00', '08:10:00', 3),
    (1, 4, '09:00:00', '09:10:00', 4),
    (1, 5, '10:00:00', '10:15:00', 5),
    (1, 6, '11:00:00', '11:05:00', 6),
    (1, 7, '12:00:00', '12:10:00', 7),
    (1, 8, '13:00:00', '13:15:00', 8),
    (1, 9, '14:00:00', '14:05:00', 9),
    (1, 10, '15:00:00', '15:10:00', 10),
    (2, 1, '06:30:00', '06:45:00', 1),
    (2, 2, '07:30:00', '07:35:00', 2),
    (2, 3, '08:30:00', '08:40:00', 3),
    (2, 4, '09:30:00', '09:45:00', 4),
    (2, 5, '10:30:00', '10:40:00', 5),
    (2, 6, '11:30:00', '11:35:00', 6),
    (2, 7, '12:30:00', '12:45:00', 7),
    (2, 8, '13:30:00', '13:40:00', 8),
    (2, 9, '14:30:00', '14:45:00', 9),
    (2, 10, '15:30:00', '15:40:00', 10),
    (3, 1, '07:00:00', '07:15:00', 1),
    (3, 2, '08:00:00', '08:05:00', 2),
    (3, 3, '09:00:00', '09:10:00', 3),
    (3, 4, '10:00:00', '10:15:00', 4),
    (3, 5, '11:00:00', '11:10:00', 5),
    (3, 6, '12:00:00', '12:10:00', 6),
    (3, 7, '13:00:00', '13:15:00', 7),
    (3, 8, '14:00:00', '14:10:00', 8),
    (3, 9, '15:00:00', '15:15:00', 9),
    (3, 10, '16:00:00', '16:10:00', 10),
    (4, 1, '07:30:00', '07:45:00', 1),
    (4, 2, '08:30:00', '08:35:00', 2),
    (4, 3, '09:30:00', '09:45:00', 3),
    (4, 4, '10:30:00', '10:40:00', 4),
    (4, 5, '11:30:00', '11:45:00', 5),
    (4, 6, '12:30:00', '12:40:00', 6),
    (4, 7, '13:30:00', '13:45:00', 7),
    (4, 8, '14:30:00', '14:40:00', 8),
    (4, 9, '15:30:00', '15:45:00', 9),
    (4, 10, '16:30:00', '16:40:00', 10),
    (5, 1, '08:00:00', '08:15:00', 1),
    (5, 2, '09:00:00', '09:05:00', 2),
    (5, 3, '10:00:00', '10:15:00', 3),
    (5, 4, '11:00:00', '11:10:00', 4),
    (5, 5, '12:00:00', '12:10:00', 5),
    (5, 6, '13:00:00', '13:05:00', 6),
    (5, 7, '14:00:00', '14:15:00', 7),
    (5, 8, '15:00:00', '15:10:00', 8),
    (5, 9, '16:00:00', '16:10:00', 9),
    (5, 10, '17:00:00', '17:10:00', 10),
    (6, 1, '08:30:00', '08:45:00', 1),
    (6, 2, '09:30:00', '09:35:00', 2),
    (6, 3, '10:30:00', '10:40:00', 3),
    (6, 4, '11:30:00', '11:45:00', 4),
    (6, 5, '12:30:00', '12:40:00', 5),
    (6, 6, '13:30:00', '13:45:00', 6),
    (6, 7, '14:30:00', '14:40:00', 7),
    (6, 8, '15:30:00', '15:40:00', 8),
    (6, 9, '16:30:00', '16:45:00', 9),
    (6, 10, '17:30:00', '17:40:00', 10),
    (7, 1, '09:00:00', '09:15:00', 1),
    (7, 2, '10:00:00', '10:05:00', 2),
    (7, 3, '11:00:00', '11:10:00', 3),
    (7, 4, '12:00:00', '12:15:00', 4),
    (7, 5, '13:00:00', '13:10:00', 5),
    (7, 6, '14:00:00', '14:05:00', 6),
    (7, 7, '15:00:00', '15:10:00', 7),
    (7, 8, '16:00:00', '16:15:00', 8),
    (7, 9, '17:00:00', '17:10:00', 9),
    (7, 10, '18:00:00', '18:10:00', 10),
    (8, 1, '09:30:00', '09:45:00', 1),
    (8, 2, '10:30:00', '10:35:00', 2),
    (8, 3, '11:30:00', '11:40:00', 3),
    (8, 4, '12:30:00', '12:45:00', 4),
    (8, 5, '13:30:00', '13:40:00', 5),
    (8, 6, '14:30:00', '14:45:00', 6),
    (8, 7, '15:30:00', '15:40:00', 7),
    (8, 8, '16:30:00', '16:45:00', 8),
    (8, 9, '17:30:00', '17:40:00', 9),
    (8, 10, '18:30:00', '18:40:00', 10),
	(9, 1, '10:00:00', '10:15:00', 1),
    (9, 2, '11:00:00', '11:10:00', 2),
    (9, 3, '12:00:00', '12:15:00', 3),
    (9, 4, '13:00:00', '13:10:00', 4),
    (9, 5, '14:00:00', '14:10:00', 5),
    (9, 6, '15:00:00', '15:15:00', 6),
    (9, 7, '16:00:00', '16:10:00', 7),
    (9, 8, '17:00:00', '17:10:00', 8),
    (9, 9, '18:00:00', '18:10:00', 9),
    (9, 10, '19:00:00', '19:10:00', 10),
    (10, 1, '10:30:00', '10:45:00', 1),
    (10, 2, '11:30:00', '11:35:00', 2),
    (10, 3, '12:30:00', '12:40:00', 3),
    (10, 4, '13:30:00', '13:45:00', 4),
    (10, 5, '14:30:00', '14:40:00', 5),
    (10, 6, '15:30:00', '15:45:00', 6),
    (10, 7, '16:30:00', '16:40:00', 7),
    (10, 8, '17:30:00', '17:45:00', 8),
    (10, 9, '18:30:00', '18:40:00', 9),
    (10, 10, '19:30:00', '19:40:00', 10),
    (11, 1, '11:00:00', '11:15:00', 1),
    (11, 2, '12:00:00', '12:10:00', 2),
    (11, 3, '13:00:00', '13:15:00', 3),
    (11, 4, '14:00:00', '14:10:00', 4),
    (11, 5, '15:00:00', '15:15:00', 5),
    (11, 6, '16:00:00', '16:10:00', 6),
    (11, 7, '17:00:00', '17:15:00', 7),
    (11, 8, '18:00:00', '18:10:00', 8),
    (11, 9, '19:00:00', '19:10:00', 9),
    (11, 10, '20:00:00', '20:10:00', 10),
    (12, 1, '11:30:00', '11:45:00', 1),
    (12, 2, '12:30:00', '12:40:00', 2),
    (12, 3, '13:30:00', '13:40:00', 3),
    (12, 4, '14:30:00', '14:45:00', 4),
    (12, 5, '15:30:00', '15:45:00', 5),
    (12, 6, '16:30:00', '16:40:00', 6),
    (12, 7, '17:30:00', '17:40:00', 7),
    (12, 8, '18:30:00', '18:45:00', 8),
    (12, 9, '19:30:00', '19:40:00', 9),
    (12, 10, '20:30:00', '20:40:00', 10),
    (13, 1, '12:00:00', '12:15:00', 1),
    (13, 2, '13:00:00', '13:10:00', 2),
    (13, 3, '14:00:00', '14:10:00', 3),
    (13, 4, '15:00:00', '15:15:00', 4),
    (13, 5, '16:00:00', '16:10:00', 5),
    (13, 6, '17:00:00', '17:15:00', 6),
    (13, 7, '18:00:00', '18:10:00', 7),
    (13, 8, '19:00:00', '19:10:00', 8),
    (13, 9, '20:00:00', '20:10:00', 9),
    (13, 10, '21:00:00', '21:10:00', 10),
    (14, 1, '12:30:00', '12:45:00', 1),
    (14, 2, '13:30:00', '13:40:00', 2),
    (14, 3, '14:30:00', '14:45:00', 3),
    (14, 4, '15:30:00', '15:40:00', 4),
    (14, 5, '16:30:00', '16:45:00', 5),
    (14, 6, '17:30:00', '17:40:00', 6),
    (14, 7, '18:30:00', '18:40:00', 7),
    (14, 8, '19:30:00', '19:45:00', 8),
    (14, 9, '20:30:00', '20:40:00', 9),
    (14, 10, '21:30:00', '21:40:00', 10);

select * from timetable;

CREATE TABLE SeatAvailability (
    TrainID INT,
    JourneyDate DATE,
    Class VARCHAR(50),
    TotalSeats INT,
    BookedSeats INT,
    AvailableSeats INT,
    PRIMARY KEY (TrainID, JourneyDate, Class),
    FOREIGN KEY (TrainID) REFERENCES master.Train(TrainID)
);


INSERT INTO SeatAvailability (TrainID, JourneyDate, Class, TotalSeats, BookedSeats, AvailableSeats)
VALUES
    (1, '2024-12-25', 'Sleeper', 100, 30, 70),
    (1, '2024-12-26', 'AC', 50, 20, 30),
    (1, '2024-12-27', 'General', 200, 50, 150),
    (2, '2024-12-25', 'Sleeper', 100, 40, 60),
    (2, '2024-12-26', 'AC', 60, 30, 30),
    (2, '2024-12-27', 'General', 180, 60, 120),
    (3, '2024-12-25', 'Sleeper', 120, 60, 60),
    (3, '2024-12-26', 'AC', 70, 35, 35),
    (3, '2024-12-27', 'General', 160, 50, 110),
    (4, '2024-12-25', 'Sleeper', 100, 20, 80),
    (4, '2024-12-26', 'AC', 80, 10, 70),
    (4, '2024-12-27', 'General', 150, 70, 80),
    (5, '2024-12-25', 'Sleeper', 150, 50, 100),
    (5, '2024-12-26', 'AC', 90, 40, 50),
    (5, '2024-12-27', 'General', 220, 100, 120),
    (6, '2024-12-25', 'Sleeper', 100, 10, 90),
    (6, '2024-12-26', 'AC', 50, 25, 25),
    (6, '2024-12-27', 'General', 180, 70, 110),
    (7, '2024-12-25', 'Sleeper', 120, 30, 90),
    (7, '2024-12-26', 'AC', 75, 40, 35),
    (7, '2024-12-27', 'General', 200, 80, 120),
    (8, '2024-12-25', 'Sleeper', 110, 60, 50),
    (8, '2024-12-26', 'AC', 85, 50, 35),
    (8, '2024-12-27', 'General', 190, 90, 100),
    (9, '2024-12-25', 'Sleeper', 150, 80, 70),
    (9, '2024-12-26', 'AC', 60, 30, 30),
    (9, '2024-12-27', 'General', 180, 40, 140),
    (10, '2024-12-25', 'Sleeper', 100, 15, 85),
    (10, '2024-12-26', 'AC', 65, 20, 45),
    (10, '2024-12-27', 'General', 200, 50, 150),
    (11, '2024-12-25', 'Sleeper', 120, 45, 75),
    (11, '2024-12-26', 'AC', 80, 40, 40),
    (11, '2024-12-27', 'General', 190, 70, 120),
    (12, '2024-12-25', 'Sleeper', 100, 25, 75),
    (12, '2024-12-26', 'AC', 70, 35, 35),
    (12, '2024-12-27', 'General', 160, 60, 100),
    (13, '2024-12-25', 'Sleeper', 130, 50, 80),
    (13, '2024-12-26', 'AC', 90, 45, 45),
    (13, '2024-12-27', 'General', 220, 80, 140),
    (14, '2024-12-25', 'Sleeper', 140, 60, 80),
    (14, '2024-12-26', 'AC', 100, 50, 50),
    (14, '2024-12-27', 'General', 200, 70, 130),
    (15, '2024-12-25', 'Sleeper', 120, 40, 80),
    (15, '2024-12-26', 'AC', 65, 20, 45),
    (15, '2024-12-27', 'General', 180, 50, 130),
    (16, '2024-12-25', 'Sleeper', 110, 50, 60),
    (16, '2024-12-26', 'AC', 85, 45, 40),
    (16, '2024-12-27', 'General', 190, 70, 120),
    (17, '2024-12-25', 'Sleeper', 100, 30, 70),
    (17, '2024-12-26', 'AC', 75, 30, 45),
    (17, '2024-12-27', 'General', 170, 60, 110),
    (18, '2024-12-25', 'Sleeper', 130, 60, 70),
    (18, '2024-12-26', 'AC', 80, 40, 40),
    (18, '2024-12-27', 'General', 210, 90, 120),
    (19, '2024-12-25', 'Sleeper', 120, 50, 70),
    (19, '2024-12-26', 'AC', 95, 45, 50),
    (19, '2024-12-27', 'General', 180, 60, 120),
    (20, '2024-12-25', 'Sleeper', 110, 35, 75),
    (20, '2024-12-26', 'AC', 65, 30, 35),
    (20, '2024-12-27', 'General', 200, 50, 150);

select * from seatavailability;

CREATE TABLE Cancellation (
    CancellationID INT PRIMARY KEY,
    TicketID INT,
    RefundAmount DECIMAL(10, 2),
    CancellationDate DATE,
    FOREIGN KEY (TicketID) REFERENCES Ticket(TicketID)
);

INSERT INTO Cancellation (CancellationID, TicketID, RefundAmount, CancellationDate)
VALUES
    (1, 1, 150.00, '2024-12-22'),
    (2, 2, 200.00, '2024-12-23'),
    (3, 3, 100.00, '2024-12-24'),
    (4, 4, 250.00, '2024-12-22'),
    (5, 5, 175.00, '2024-12-21'),
    (6, 6, 180.00, '2024-12-22'),
    (7, 7, 220.00, '2024-12-23'),
    (8, 8, 140.00, '2024-12-24'),
    (9, 9, 170.00, '2024-12-22'),
    (10, 10, 250.00, '2024-12-21'),
    (11, 11, 150.00, '2024-12-20'),
    (12, 12, 230.00, '2024-12-19'),
    (13, 13, 200.00, '2024-12-18'),
    (14, 14, 190.00, '2024-12-17'),
    (15, 15, 160.00, '2024-12-16'),
    (16, 16, 210.00, '2024-12-15'),
    (17, 17, 250.00, '2024-12-14'),
    (18, 18, 240.00, '2024-12-13'),
    (19, 19, 300.00, '2024-12-12'),
    (20, 20, 150.00, '2024-12-11'),
	(21, 21, 180.00, '2024-12-10'),
    (22, 22, 220.00, '2024-12-11'),
    (23, 23, 200.00, '2024-12-12'),
    (24, 24, 210.00, '2024-12-13'),
    (25, 25, 150.00, '2024-12-14'),
    (26, 26, 240.00, '2024-12-15'),
    (27, 27, 160.00, '2024-12-16'),
    (28, 28, 220.00, '2024-12-17'),
    (29, 29, 200.00, '2024-12-18'),
    (30, 30, 210.00, '2024-12-19'),
    (31, 31, 230.00, '2024-12-20'),
    (32, 32, 250.00, '2024-12-21'),
    (33, 33, 190.00, '2024-12-22'),
    (34, 34, 270.00, '2024-12-23'),
    (35, 35, 300.00, '2024-12-24'),
    (36, 36, 280.00, '2024-12-25'),
    (37, 37, 310.00, '2024-12-26'),
    (38, 38, 320.00, '2024-12-27'),
    (39, 39, 330.00, '2024-12-28'),
    (40, 40, 340.00, '2024-12-29'),
    (41, 41, 350.00, '2024-12-30'),
    (42, 42, 360.00, '2024-12-31'),
    (43, 43, 370.00, '2025-01-01'),
    (44, 44, 380.00, '2025-01-02'),
    (45, 45, 390.00, '2025-01-03'),
    (46, 46, 400.00, '2025-01-04'),
    (47, 47, 410.00, '2025-01-05'),
    (48, 48, 420.00, '2025-01-06'),
    (49, 49, 430.00, '2025-01-07'),
    (50, 50, 440.00, '2025-01-08'),
    (51, 51, 450.00, '2025-01-09'),
    (52, 52, 460.00, '2025-01-10'),
    (53, 53, 470.00, '2025-01-11'),
    (54, 54, 480.00, '2025-01-12'),
    (55, 55, 490.00, '2025-01-13'),
    (56, 56, 500.00, '2025-01-14'),
    (57, 57, 510.00, '2025-01-15'),
    (58, 58, 520.00, '2025-01-16'),
    (59, 59, 530.00, '2025-01-17'),
    (60, 60, 540.00, '2025-01-18'),
    (61, 61, 550.00, '2025-01-19'),
    (62, 62, 560.00, '2025-01-20'),
    (63, 63, 570.00, '2025-01-21'),
    (64, 64, 580.00, '2025-01-22'),
    (65, 65, 590.00, '2025-01-23'),
    (66, 66, 600.00, '2025-01-24'),
    (67, 67, 610.00, '2025-01-25'),
    (68, 68, 620.00, '2025-01-26'),
    (69, 69, 630.00, '2025-01-27'),
    (70, 70, 640.00, '2025-01-28'),
    (71, 71, 650.00, '2025-01-29'),
    (72, 72, 660.00, '2025-01-30'),
    (73, 73, 670.00, '2025-01-31'),
    (74, 74, 680.00, '2025-02-01'),
    (75, 75, 690.00, '2025-02-02'),
    (76, 76, 700.00, '2025-02-03'),
    (77, 77, 710.00, '2025-02-04'),
    (78, 78, 720.00, '2025-02-05'),
    (79, 79, 730.00, '2025-02-06'),
    (80, 80, 740.00, '2025-02-07'),
    (81, 81, 750.00, '2025-02-08'),
    (82, 82, 760.00, '2025-02-09'),
    (83, 83, 770.00, '2025-02-10'),
    (84, 84, 780.00, '2025-02-11'),
    (85, 85, 790.00, '2025-02-12'),
    (86, 86, 800.00, '2025-02-13'),
    (87, 87, 810.00, '2025-02-14'),
    (88, 88, 820.00, '2025-02-15'),
    (89, 89, 830.00, '2025-02-16'),
    (90, 90, 840.00, '2025-02-17'),
    (91, 91, 850.00, '2025-02-18'),
    (92, 92, 860.00, '2025-02-19'),
    (93, 93, 870.00, '2025-02-20'),
    (94, 94, 880.00, '2025-02-21'),
    (95, 95, 890.00, '2025-02-22'),
    (96, 96, 900.00, '2025-02-23'),
    (97, 97, 910.00, '2025-02-24'),
    (98, 98, 920.00, '2025-02-25'),
    (99, 99, 930.00, '2025-02-26'),
    (100, 100, 940.00, '2025-02-27');

select * from cancellation;